{"cameraMode":{"drawMode":0,"name":"Shaded","section":"Shading Mode"},"sceneLighting":true,"audioPlay":false,"sceneViewState":{"m_AlwaysRefresh":false,"showFog":true,"showSkybox":true,"showFlares":true,"showImageEffects":true,"showParticleSystems":true,"showVisualEffectGraphs":true,"m_FxEnabled":true},"in2DMode":false,"pivot":{"x":0.7234013676643372,"y":-2.930759906768799,"z":18.063213348388673},"rotation":{"x":0.12303275614976883,"y":0.0037392806261777879,"z":-0.00007975533662829548,"w":0.9924790263175964},"size":14.885369300842286,"orthographic":false}