{"cameraMode":{"drawMode":0,"name":"Shaded","section":"Shading Mode"},"sceneLighting":true,"audioPlay":false,"sceneViewState":{"m_AlwaysRefresh":false,"showFog":true,"showSkybox":true,"showFlares":true,"showImageEffects":true,"showParticleSystems":true,"showVisualEffectGraphs":true,"m_FxEnabled":true},"in2DMode":false,"pivot":{"x":0.45122283697128298,"y":-11.857303619384766,"z":11.039072036743164},"rotation":{"x":0.33706092834472659,"y":0.019194619730114938,"z":-0.006382415536791086,"w":0.9413354992866516},"size":11.866164207458496,"orthographic":false}