{"cameraMode":{"drawMode":0,"name":"Shaded","section":"Shading Mode"},"sceneLighting":true,"audioPlay":false,"sceneViewState":{"m_AlwaysRefresh":false,"showFog":true,"showSkybox":true,"showFlares":true,"showImageEffects":true,"showParticleSystems":true,"showVisualEffectGraphs":true,"m_FxEnabled":true},"in2DMode":false,"pivot":{"x":-2.2044637203216554,"y":-1.3249675035476685,"z":0.5895726084709168},"rotation":{"x":0.3001558780670166,"y":0.0008317099418491125,"z":0.00023793343279976398,"w":0.9539623260498047},"size":9.242191314697266,"orthographic":false}