{"cameraMode":{"drawMode":0,"name":"Shaded","section":"Shading Mode"},"sceneLighting":true,"audioPlay":false,"sceneViewState":{"m_AlwaysRefresh":false,"showFog":true,"showSkybox":true,"showFlares":true,"showImageEffects":true,"showParticleSystems":true,"showVisualEffectGraphs":true,"m_FxEnabled":true},"in2DMode":false,"pivot":{"x":-0.20831303298473359,"y":1.661557674407959,"z":2.7025108337402345},"rotation":{"x":0.07770644128322602,"y":-0.0744081437587738,"z":0.005857327952980995,"w":0.9942636489868164},"size":3.162891387939453,"orthographic":false}